,name,address,phone,direction,website,Email
0,Faces of South Tampa,"4807 BAYSHORE BLVD STE 101TAMPA, FL 33611",(813) 443-5134,"https://www.google.com/maps/dir//27.893907,-82.488738",http://www.facesofsouthtampa.com,info@facesofsouthtampa.com
1,TB Aesthetics & Co,"4119 S MACDILL AVE TAMPA, FL 33611",(813) 505-0857,"https://www.google.com/maps/dir//27.904495,-82.49412",http://tbaesthetics.com,tristanbaronnp@gmail.com
2,Faces of South Tampa,"4807 BAYSHORE BLVD STE 101TAMPA, FL 33611",(813) 443-5134,"https://www.google.com/maps/dir//27.893907,-82.488738",http://www.facesofsouthtampa.com,info@facesofsouthtampa.com
3,TB Aesthetics & Co,"4119 S MACDILL AVE TAMPA, FL 33611",(813) 505-0857,"https://www.google.com/maps/dir//27.904495,-82.49412",http://tbaesthetics.com,tristanbaronnp@gmail.com
4,TB Aesthetics & Co,"4119 S MACDILL AVE TAMPA, FL 33611",(813) 505-0857,"https://www.google.com/maps/dir//27.904495,-82.49412",http://tbaesthetics.com,tristanbaronnp@gmail.com
5,Faces of South Tampa,"4807 BAYSHORE BLVD STE 101TAMPA, FL 33611",(813) 443-5134,"https://www.google.com/maps/dir//27.893907,-82.488738",http://www.facesofsouthtampa.com,info@facesofsouthtampa.com
6,TB Aesthetics & Co,"4119 S MACDILL AVE TAMPA, FL 33611",(813) 505-0857,"https://www.google.com/maps/dir//27.904495,-82.49412",http://tbaesthetics.com,tristanbaronnp@gmail.com
7,Faces of South Tampa,"4807 BAYSHORE BLVD STE 101TAMPA, FL 33611",(813) 443-5134,"https://www.google.com/maps/dir//27.893907,-82.488738",http://www.facesofsouthtampa.com,info@facesofsouthtampa.com
8,Castellano Cosmetic Surgery Center,"105 S MACDILL AVE STE 203 TAMPA, FL 33609",(813) 872-6093,"https://www.google.com/maps/dir//27.944067,-82.493519",http://www.castellanocosmeticsurgery.com,jcastellano@castellanocosmeticsurgery.com
9,ÉLAN Aesthetics,"1519 W SWANN AVE TAMPA, FL 33606",(813) 440-8743,"https://www.google.com/maps/dir//27.937501,-82.47548",http://www.elan-aesthetics.com,INFO@ELAN-AESTHETICS.COM
10,TB Aesthetics & Co,"4119 S MACDILL AVE TAMPA, FL 33611",(813) 505-0857,"https://www.google.com/maps/dir//27.904495,-82.49412",http://tbaesthetics.com,tristanbaronnp@gmail.com
11,Ideal Image,"1602 OAKFIELD DR # 105-107 BRANDON, FL 33511",(800) 234-3340,"https://www.google.com/maps/dir//27.934496,-82.309491",http://www.idealimage.com,csr@idealimage.com
12,Skin Savvy Rx,"2802 W AZEELE ST TAMPA, FL 33609",(813) 870-9000,"https://www.google.com/maps/dir//27.940806,-82.489498",http://www.skinsavvyrx.com,admin@skinsavvyrx.com
13,Anthony Watt MD,"2615 W SWANN AVE TAMPA, FL 33609",(813) 878-0089,"https://www.google.com/maps/dir//27.937657,-82.486673",http://marcadiswattplasticsurgery.com,info@mwpstampa.com
14,Faces of South Tampa,"4807 BAYSHORE BLVD STE 101TAMPA, FL 33611",(813) 443-5134,"https://www.google.com/maps/dir//27.893907,-82.488738",http://www.facesofsouthtampa.com,info@facesofsouthtampa.com
15,TB Aesthetics & Co,"4119 S MACDILL AVE TAMPA, FL 33611",(813) 505-0857,"https://www.google.com/maps/dir//27.904495,-82.49412",http://tbaesthetics.com,tristanbaronnp@gmail.com
16,Lecada Medical Artistry,"3710 W AZEELE ST TAMPA, FL 33609",(813) 874-2332,"https://www.google.com/maps/dir//27.94101,-82.504512",http://LecadaTampa.com,info@LecadaTampa.com
17,Forever Young Aesthetics,"2835 W DE LEON ST STE 203 TAMPA, FL 33609",(813) 353-0023,"https://www.google.com/maps/dir//27.939556,-82.490869",http://www.foreveryoungtampa.com,info@foreveryoungtampa.com
18,Ideal Image,"1602 OAKFIELD DR # 105-107 BRANDON, FL 33511",(800) 234-3340,"https://www.google.com/maps/dir//27.934496,-82.309491",http://www.idealimage.com,csr@idealimage.com
19,Lecada Medical Artistry,"3710 W AZEELE ST TAMPA, FL 33609",(813) 874-2332,"https://www.google.com/maps/dir//27.94101,-82.504512",http://LecadaTampa.com,info@LecadaTampa.com
20,Academic Alliance In Dermatology,"4238 W KENNEDY BLVD TAMPA, FL 33609",(813) 514-4711,"https://www.google.com/maps/dir//27.944416,-82.515158",http://academicallderm.com,lsokolewicz@tampadermatology.com
21,ÉLAN Aesthetics,"1519 W SWANN AVE TAMPA, FL 33606",(813) 440-8743,"https://www.google.com/maps/dir//27.937501,-82.47548",http://www.elan-aesthetics.com,INFO@ELAN-AESTHETICS.COM
22,TB Aesthetics & Co,"4119 S MACDILL AVE TAMPA, FL 33611",(813) 505-0857,"https://www.google.com/maps/dir//27.904495,-82.49412",http://tbaesthetics.com,tristanbaronnp@gmail.com
23,Ideal Image- St. Petersburg,"646 1ST AVE S SAINT PETERSBURG, FL 33701",(800) 234-3354,"https://www.google.com/maps/dir//27.770109,-82.642733",https://www.idealimage.com/tampa/st-petersburg-fl.php,csr@idealimage.com
24,Skin Savvy Rx,"2802 W AZEELE ST TAMPA, FL 33609",(813) 870-9000,"https://www.google.com/maps/dir//27.940806,-82.489498",http://www.skinsavvyrx.com,admin@skinsavvyrx.com
25,Anthony Watt MD,"2615 W SWANN AVE TAMPA, FL 33609",(813) 878-0089,"https://www.google.com/maps/dir//27.937657,-82.486673",http://marcadiswattplasticsurgery.com,info@mwpstampa.com
26,Bespoke Rx,"442 W KENNEDY BLVD STE 310 TAMPA, FL 33606",(813) 690-3709,"https://www.google.com/maps/dir//27.946134,-82.504187",http://Bespokerx.us,BESPOKERX@GMAIL.COM
27,Faces of South Tampa,"4807 BAYSHORE BLVD STE 101TAMPA, FL 33611",(813) 443-5134,"https://www.google.com/maps/dir//27.893907,-82.488738",http://www.facesofsouthtampa.com,info@facesofsouthtampa.com
28,Ideal Image,"1602 OAKFIELD DR # 105-107 BRANDON, FL 33511",(800) 234-3340,"https://www.google.com/maps/dir//27.934496,-82.309491",http://www.idealimage.com,csr@idealimage.com
29,Lecada Medical Artistry,"3710 W AZEELE ST TAMPA, FL 33609",(813) 874-2332,"https://www.google.com/maps/dir//27.94101,-82.504512",http://LecadaTampa.com,info@LecadaTampa.com
30,Academic Alliance In Dermatology,"4238 W KENNEDY BLVD TAMPA, FL 33609",(813) 514-4711,"https://www.google.com/maps/dir//27.944416,-82.515158",http://academicallderm.com,lsokolewicz@tampadermatology.com
31,ÉLAN Aesthetics,"1519 W SWANN AVE TAMPA, FL 33606",(813) 440-8743,"https://www.google.com/maps/dir//27.937501,-82.47548",http://www.elan-aesthetics.com,INFO@ELAN-AESTHETICS.COM
32,TB Aesthetics & Co,"4119 S MACDILL AVE TAMPA, FL 33611",(813) 505-0857,"https://www.google.com/maps/dir//27.904495,-82.49412",http://tbaesthetics.com,tristanbaronnp@gmail.com
33,Ideal Image- St. Petersburg,"646 1ST AVE S SAINT PETERSBURG, FL 33701",(800) 234-3354,"https://www.google.com/maps/dir//27.770109,-82.642733",https://www.idealimage.com/tampa/st-petersburg-fl.php,csr@idealimage.com
34,Skin Savvy Rx,"2802 W AZEELE ST TAMPA, FL 33609",(813) 870-9000,"https://www.google.com/maps/dir//27.940806,-82.489498",http://www.skinsavvyrx.com,admin@skinsavvyrx.com
35,Anthony Watt MD,"2615 W SWANN AVE TAMPA, FL 33609",(813) 878-0089,"https://www.google.com/maps/dir//27.937657,-82.486673",http://marcadiswattplasticsurgery.com,info@mwpstampa.com
36,Bespoke Rx,"442 W KENNEDY BLVD STE 310 TAMPA, FL 33606",(813) 690-3709,"https://www.google.com/maps/dir//27.946134,-82.504187",http://Bespokerx.us,BESPOKERX@GMAIL.COM
37,Faces of South Tampa,"4807 BAYSHORE BLVD STE 101TAMPA, FL 33611",(813) 443-5134,"https://www.google.com/maps/dir//27.893907,-82.488738",http://www.facesofsouthtampa.com,info@facesofsouthtampa.com
38,Lecada Medical Artistry,"3710 W AZEELE ST TAMPA, FL 33609",(813) 874-2332,"https://www.google.com/maps/dir//27.94101,-82.504512",http://LecadaTampa.com,info@LecadaTampa.com
39,TB Aesthetics & Co,"4119 S MACDILL AVE TAMPA, FL 33611",(813) 505-0857,"https://www.google.com/maps/dir//27.904495,-82.49412",http://tbaesthetics.com,tristanbaronnp@gmail.com
40,Skin Savvy Rx,"2802 W AZEELE ST TAMPA, FL 33609",(813) 870-9000,"https://www.google.com/maps/dir//27.940806,-82.489498",http://www.skinsavvyrx.com,admin@skinsavvyrx.com
41,Skin NV,"3715 W SWANN AVE TAMPA, FL 33609",(813) 839-4141,"https://www.google.com/maps/dir//27.937829,-82.504693",http://www.skinnv.com,appointments@skinnv.com
42,Bespoke Rx,"442 W KENNEDY BLVD STE 310 TAMPA, FL 33606",(813) 690-3709,"https://www.google.com/maps/dir//27.946134,-82.504187",http://Bespokerx.us,BESPOKERX@GMAIL.COM
43,Faces of South Tampa,"4807 BAYSHORE BLVD STE 101TAMPA, FL 33611",(813) 443-5134,"https://www.google.com/maps/dir//27.893907,-82.488738",http://www.facesofsouthtampa.com,info@facesofsouthtampa.com
44,Ideal Image- St. Petersburg,"646 1ST AVE S SAINT PETERSBURG, FL 33701",(800) 234-3354,"https://www.google.com/maps/dir//27.770109,-82.642733",https://www.idealimage.com/tampa/st-petersburg-fl.php,csr@idealimage.com
45,Bespoke Rx,"442 W KENNEDY BLVD STE 310 TAMPA, FL 33606",(813) 690-3709,"https://www.google.com/maps/dir//27.946134,-82.504187",http://Bespokerx.us,BESPOKERX@GMAIL.COM
46,Ideal Image- St. Petersburg,"646 1ST AVE S SAINT PETERSBURG, FL 33701",(800) 234-3354,"https://www.google.com/maps/dir//27.770109,-82.642733",https://www.idealimage.com/tampa/st-petersburg-fl.php,csr@idealimage.com
47,Castellano Cosmetic Surgery Center,"105 S MACDILL AVE STE 203 TAMPA, FL 33609",(813) 872-6093,"https://www.google.com/maps/dir//27.944067,-82.493519",http://www.castellanocosmeticsurgery.com,jcastellano@castellanocosmeticsurgery.com
48,Skin NV,"3715 W SWANN AVE TAMPA, FL 33609",(813) 839-4141,"https://www.google.com/maps/dir//27.937829,-82.504693",http://www.skinnv.com,appointments@skinnv.com
49,Amani Med Spa,"3440 LITHIA PINECREST RD VALRICO, FL 33596",(813) 685-6111,"https://www.google.com/maps/dir//27.891468,-82.243061",https://www.amanimedspa.com/,hi@amanimedspa.com
